{
  "tag": "gemma_b8",
  "model": "google/gemma-4-31b-it",
  "think": true,
  "mmlu_pro_acc": 88.0,
  "mmlu_pro_n": 150,
  "mmlu_pro_trunc": 0,
  "gpqa_acc": 85.35353535353535,
  "gpqa_n": 198,
  "gpqa_trunc": 0,
  "mmmlu_acc": 87.33333333333333,
  "mmmlu_n": 150,
  "mmmlu_trunc": 0,
  "bbeh_acc": 75.0,
  "bbeh_n": 100,
  "bbeh_trunc": 0,
  "aime_acc": 86.66666666666667,
  "aime_n": 30,
  "aime_trunc": 0,
  "lcb_acc": 90.0,
  "lcb_n": 80,
  "lcb_trunc": 0,
  "mmmu_pro_acc": 84.16666666666667,
  "mmmu_pro_n": 120,
  "mmmu_pro_trunc": 0,
  "mathvision_acc": 76.66666666666667,
  "mathvision_n": 120,
  "mathvision_trunc": 0,
  "seconds": 2726.13761138916
}