{
  "tag": "q122clip_lcb_32k",
  "model": "models/q122_ptq3b_clip",
  "think": true,
  "lcb_acc": 64.5,
  "lcb_acc_finished": 97.41379310344827,
  "lcb_n": 200,
  "lcb_n_finished": 116,
  "lcb_trunc": 84,
  "seconds": 2660.7948005199432
}