{
  "tag": "q122clip_lcb_fix",
  "model": "models/q122_ptq3b_clip",
  "think": true,
  "lcb_acc": 53.5,
  "lcb_acc_finished": 82.75862068965517,
  "lcb_n": 200,
  "lcb_n_finished": 116,
  "lcb_trunc": 84,
  "seconds": 2795.9966611862183
}