{
  "tag": "q122_ptq3b_clip_think",
  "model": "models/q122_ptq3b_clip",
  "think": true,
  "budget": 32768,
  "mmlu_pro_acc": 88.5,
  "mmlu_pro_n": 200,
  "mmlu_pro_trunc": 0,
  "gpqa_acc": 84.84848484848484,
  "gpqa_n": 198,
  "gpqa_trunc": 6,
  "gsm8k_acc": 98.5,
  "gsm8k_n": 200,
  "gsm8k_trunc": 3,
  "humaneval_pass@1": 97.5609756097561,
  "he_n": 164,
  "he_trunc": 0,
  "seconds": 2066.4575905799866
}