{
  "tag": "q36_clip",
  "model": "models/q36_ptq3b_clip",
  "think": true,
  "mmlu_pro_acc": 76.66666666666667,
  "mmlu_pro_acc_finished": 83.08823529411765,
  "mmlu_pro_n": 150,
  "mmlu_pro_n_finished": 136,
  "mmlu_pro_trunc": 14,
  "gpqa_acc": 73.23232323232324,
  "gpqa_acc_finished": 86.45161290322581,
  "gpqa_n": 198,
  "gpqa_n_finished": 155,
  "gpqa_trunc": 43,
  "mmmlu_acc": 79.33333333333333,
  "mmmlu_acc_finished": 81.42857142857143,
  "mmmlu_n": 150,
  "mmmlu_n_finished": 140,
  "mmmlu_trunc": 10,
  "math500_acc": 83.33333333333333,
  "math500_acc_finished": 90.47619047619048,
  "math500_n": 120,
  "math500_n_finished": 105,
  "math500_trunc": 15,
  "lcb_acc": 52.5,
  "lcb_acc_finished": 72.03389830508475,
  "lcb_n": 200,
  "lcb_n_finished": 118,
  "lcb_trunc": 82,
  "seconds": 13962.284744024277
}