{
  "model": "Qwen/Qwen3.6-35B-A3B",
  "bits": 3,
  "group": 128,
  "clip_steps": 16,
  "sampled_layers": [
    0,
    10,
    20,
    29,
    39
  ],
  "summary": {
    "ours_clip": {
      "mean_nmse": 0.10044394962023943,
      "median_nmse": 0.09991944581270218,
      "n_experts": 160
    },
    "ours_absmax": {
      "mean_nmse": 0.17857133639045059,
      "median_nmse": 0.1821153461933136,
      "n_experts": 160
    },
    "rtn_asym": {
      "mean_nmse": 0.10652706534601748,
      "median_nmse": 0.10851813107728958,
      "n_experts": 160
    },
    "awq": {
      "mean_nmse": 0.09540552946273237,
      "median_nmse": 0.09533676877617836,
      "n_experts": 160
    },
    "gptq": {
      "mean_nmse": 0.1231403621903155,
      "median_nmse": 0.12442703172564507,
      "n_experts": 160
    }
  },
  "per_layer": {
    "0": {
      "ours_clip": 0.08004133694339544,
      "ours_absmax": 0.1286760049406439,
      "rtn_asym": 0.0788561733206734,
      "awq": 0.06185152690159157,
      "gptq": 0.07528288915636949
    },
    "10": {
      "ours_clip": 0.10152925085276365,
      "ours_absmax": 0.1878239067737013,
      "rtn_asym": 0.11262039071880281,
      "awq": 0.10163530183490366,
      "gptq": 0.13636004808358848
    },
    "20": {
      "ours_clip": 0.10877580870874226,
      "ours_absmax": 0.19717042380943894,
      "rtn_asym": 0.11837309366092086,
      "awq": 0.11037090234458447,
      "gptq": 0.14209160534664989
    },
    "29": {
      "ours_clip": 0.11202929983846843,
      "ours_absmax": 0.20507195545360446,
      "rtn_asym": 0.12099581677466631,
      "awq": 0.1124790736939758,
      "gptq": 0.15819827420637012
    },
    "39": {
      "ours_clip": 0.0998440517578274,
      "ours_absmax": 0.17411439097486436,
      "rtn_asym": 0.10178985225502402,
      "awq": 0.09069084253860638,
      "gptq": 0.10376899415859953
    }
  }
}